"Data Source","World Development Indicators",

"Last Updated Date","2021-10-28",

"Country Name","Country Code","Indicator Name","Indicator Code","1960","1961","1962","1963","1964","1965","1966","1967","1968","1969","1970","1971","1972","1973","1974","1975","1976","1977","1978","1979","1980","1981","1982","1983","1984","1985","1986","1987","1988","1989","1990","1991","1992","1993","1994","1995","1996","1997","1998","1999","2000","2001","2002","2003","2004","2005","2006","2007","2008","2009","2010","2011","2012","2013","2014","2015","2016","2017","2018","2019","2020",
"Aruba","ABW","Statistical performance indicators (SPI): Overall score (scale 0-100)","IQ.SPI.OVRL","","","","","","","","","","","","","","","","","","","","","","","","","","","","","","","","","","","","","","","","","","","","","","","","","","","","","","","","","","","","","",
"Africa Eastern and Southern","AFE","Statistical performance indicators (SPI): Overall score (scale 0-100)","IQ.SPI.OVRL","","","","","","","","","","","","","","","","","","","","","","","","","","","","","","","","","","","","","","","","","","","","","","","","","","","","","","","","","","","","","",
"Afghanistan","AFG","Statistical performance indicators (SPI): Overall score (scale 0-100)","IQ.SPI.OVRL","","","","","","","","","","","","","","","","","","","","","","","","","","","","","","","","","","","","","","","","","","","","","","","","","","","","","","","","","37.2229166666667","42.5779166666667","49.845","49.75625","",
"Africa Western and Central","AFW","Statistical performance indicators (SPI): Overall score (scale 0-100)","IQ.SPI.OVRL","","","","","","","","","","","","","","","","","","","","","","","","","","","","","","","","","","","","","","","","","","","","","","","","","","","","","","","","","","","","","",
"Angola","AGO","Statistical performance indicators (SPI): Overall score (scale 0-100)","IQ.SPI.OVRL","","","","","","","","","","","","","","","","","","","","","","","","","","","","","","","","","","","","","","","","","","","","","","","","","","","","","","","","","43.7354166666667","46.6895833333333","55.2320833333333","54.9458333333333","",
"Albania","ALB","Statistical performance indicators (SPI): Overall score (scale 0-100)","IQ.SPI.OVRL","","","","","","","","","","","","","","","","","","","","","","","","","","","","","","","","","","","","","","","","","","","","","","","","","","","","","","","","","63.905","67.6583333333333","77.5966666666667","75.3829166666667","",
"Andorra","AND","Statistical performance indicators (SPI): Overall score (scale 0-100)","IQ.SPI.OVRL","","","","","","","","","","","","","","","","","","","","","","","","","","","","","","","","","","","","","","","","","","","","","","","","","","","","","","","","","","","","","",
"Arab World","ARB","Statistical performance indicators (SPI): Overall score (scale 0-100)","IQ.SPI.OVRL","","","","","","","","","","","","","","","","","","","","","","","","","","","","","","","","","","","","","","","","","","","","","","","","","","","","","","","","","","","","","",
"United Arab Emirates","ARE","Statistical performance indicators (SPI): Overall score (scale 0-100)","IQ.SPI.OVRL","","","","","","","","","","","","","","","","","","","","","","","","","","","","","","","","","","","","","","","","","","","","","","","","","","","","","","","","","51.04","58.6766666666667","59.2566666666667","59.6691666666667","",
"Argentina","ARG","Statistical performance indicators (SPI): Overall score (scale 0-100)","IQ.SPI.OVRL","","","","","","","","","","","","","","","","","","","","","","","","","","","","","","","","","","","","","","","","","","","","","","","","","","","","","","","","","61.4583333333333","65.0858333333333","65.2729166666667","64.5958333333333","",
"Armenia","ARM","Statistical performance indicators (SPI): Overall score (scale 0-100)","IQ.SPI.OVRL","","","","","","","","","","","","","","","","","","","","","","","","","","","","","","","","","","","","","","","","","","","","","","","","","","","","","","","","","79.0716666666667","81.37625","82.3904166666667","82.2266666666667","",
"American Samoa","ASM","Statistical performance indicators (SPI): Overall score (scale 0-100)","IQ.SPI.OVRL","","","","","","","","","","","","","","","","","","","","","","","","","","","","","","","","","","","","","","","","","","","","","","","","","","","","","","","","","","","","","",
"Antigua and Barbuda","ATG","Statistical performance indicators (SPI): Overall score (scale 0-100)","IQ.SPI.OVRL","","","","","","","","","","","","","","","","","","","","","","","","","","","","","","","","","","","","","","","","","","","","","","","","","","","","","","","","","","","","","",
"Australia","AUS","Statistical performance indicators (SPI): Overall score (scale 0-100)","IQ.SPI.OVRL","","","","","","","","","","","","","","","","","","","","","","","","","","","","","","","","","","","","","","","","","","","","","","","","","","","","","","","","","87.4166666666667","89.0633333333333","88.3641666666667","88.2416666666667","",
"Austria","AUT","Statistical performance indicators (SPI): Overall score (scale 0-100)","IQ.SPI.OVRL","","","","","","","","","","","","","","","","","","","","","","","","","","","","","","","","","","","","","","","","","","","","","","","","","","","","","","","","","87.98875","87.89625","89.505","89.12","",
"Azerbaijan","AZE","Statistical performance indicators (SPI): Overall score (scale 0-100)","IQ.SPI.OVRL","","","","","","","","","","","","","","","","","","","","","","","","","","","","","","","","","","","","","","","","","","","","","","","","","","","","","","","","","53.79875","60.245","68.15625","68.14125","",
"Burundi","BDI","Statistical performance indicators (SPI): Overall score (scale 0-100)","IQ.SPI.OVRL","","","","","","","","","","","","","","","","","","","","","","","","","","","","","","","","","","","","","","","","","","","","","","","","","","","","","","","","","50.135","54.1620833333333","54.4941666666667","50.9133333333333","",
"Belgium","BEL","Statistical performance indicators (SPI): Overall score (scale 0-100)","IQ.SPI.OVRL","","","","","","","","","","","","","","","","","","","","","","","","","","","","","","","","","","","","","","","","","","","","","","","","","","","","","","","","","74.9525","75.5770833333333","81.7975","82.415","",
"Benin","BEN","Statistical performance indicators (SPI): Overall score (scale 0-100)","IQ.SPI.OVRL","","","","","","","","","","","","","","","","","","","","","","","","","","","","","","","","","","","","","","","","","","","","","","","","","","","","","","","","","46.1604166666667","48.6704166666667","50.1295833333333","48.04625","",
"Burkina Faso","BFA","Statistical performance indicators (SPI): Overall score (scale 0-100)","IQ.SPI.OVRL","","","","","","","","","","","","","","","","","","","","","","","","","","","","","","","","","","","","","","","","","","","","","","","","","","","","","","","","","49.1275","51.4158333333333","53.68","53.6233333333333","",
"Bangladesh","BGD","Statistical performance indicators (SPI): Overall score (scale 0-100)","IQ.SPI.OVRL","","","","","","","","","","","","","","","","","","","","","","","","","","","","","","","","","","","","","","","","","","","","","","","","","","","","","","","","","56.8175","59.2620833333333","59.0208333333333","58.07","",
"Bulgaria","BGR","Statistical performance indicators (SPI): Overall score (scale 0-100)","IQ.SPI.OVRL","","","","","","","","","","","","","","","","","","","","","","","","","","","","","","","","","","","","","","","","","","","","","","","","","","","","","","","","","75.01375","76.75125","82.6683333333334","82.3233333333334","",
"Bahrain","BHR","Statistical performance indicators (SPI): Overall score (scale 0-100)","IQ.SPI.OVRL","","","","","","","","","","","","","","","","","","","","","","","","","","","","","","","","","","","","","","","","","","","","","","","","","","","","","","","","","44.68875","46.9983333333333","52.8175","54.4666666666667","",
"Bahamas, The","BHS","Statistical performance indicators (SPI): Overall score (scale 0-100)","IQ.SPI.OVRL","","","","","","","","","","","","","","","","","","","","","","","","","","","","","","","","","","","","","","","","","","","","","","","","","","","","","","","","","40.3570833333333","42.3733333333333","52.5958333333333","50.1241666666667","",
"Bosnia and Herzegovina","BIH","Statistical performance indicators (SPI): Overall score (scale 0-100)","IQ.SPI.OVRL","","","","","","","","","","","","","","","","","","","","","","","","","","","","","","","","","","","","","","","","","","","","","","","","","","","","","","","","","54.7070833333333","55.2020833333333","61.23","61.2375","",
"Belarus","BLR","Statistical performance indicators (SPI): Overall score (scale 0-100)","IQ.SPI.OVRL","","","","","","","","","","","","","","","","","","","","","","","","","","","","","","","","","","","","","","","","","","","","","","","","","","","","","","","","","65.7479166666667","65.4233333333333","75.4570833333333","77.1345833333334","",
"Belize","BLZ","Statistical performance indicators (SPI): Overall score (scale 0-100)","IQ.SPI.OVRL","","","","","","","","","","","","","","","","","","","","","","","","","","","","","","","","","","","","","","","","","","","","","","","","","","","","","","","","","47.7158333333333","51.70125","58.5029166666667","58.7554166666667","",
"Bermuda","BMU","Statistical performance indicators (SPI): Overall score (scale 0-100)","IQ.SPI.OVRL","","","","","","","","","","","","","","","","","","","","","","","","","","","","","","","","","","","","","","","","","","","","","","","","","","","","","","","","","","","","","",
"Bolivia","BOL","Statistical performance indicators (SPI): Overall score (scale 0-100)","IQ.SPI.OVRL","","","","","","","","","","","","","","","","","","","","","","","","","","","","","","","","","","","","","","","","","","","","","","","","","","","","","","","","","57.4441666666667","60.7525","62.0725","62.65625","",
"Brazil","BRA","Statistical performance indicators (SPI): Overall score (scale 0-100)","IQ.SPI.OVRL","","","","","","","","","","","","","","","","","","","","","","","","","","","","","","","","","","","","","","","","","","","","","","","","","","","","","","","","","72.9470833333333","72.0833333333333","75.45","76.75375","",
"Barbados","BRB","Statistical performance indicators (SPI): Overall score (scale 0-100)","IQ.SPI.OVRL","","","","","","","","","","","","","","","","","","","","","","","","","","","","","","","","","","","","","","","","","","","","","","","","","","","","","","","","","","","","","",
"Brunei Darussalam","BRN","Statistical performance indicators (SPI): Overall score (scale 0-100)","IQ.SPI.OVRL","","","","","","","","","","","","","","","","","","","","","","","","","","","","","","","","","","","","","","","","","","","","","","","","","","","","","","","","","","","","","",
"Bhutan","BTN","Statistical performance indicators (SPI): Overall score (scale 0-100)","IQ.SPI.OVRL","","","","","","","","","","","","","","","","","","","","","","","","","","","","","","","","","","","","","","","","","","","","","","","","","","","","","","","","","47.1679166666667","52.355","52.2454166666667","51.99125","",
"Botswana","BWA","Statistical performance indicators (SPI): Overall score (scale 0-100)","IQ.SPI.OVRL","","","","","","","","","","","","","","","","","","","","","","","","","","","","","","","","","","","","","","","","","","","","","","","","","","","","","","","","","45.92125","56.865","56.4804166666667","57.3491666666667","",
"Central African Republic","CAF","Statistical performance indicators (SPI): Overall score (scale 0-100)","IQ.SPI.OVRL","","","","","","","","","","","","","","","","","","","","","","","","","","","","","","","","","","","","","","","","","","","","","","","","","","","","","","","","","","","","","",
"Canada","CAN","Statistical performance indicators (SPI): Overall score (scale 0-100)","IQ.SPI.OVRL","","","","","","","","","","","","","","","","","","","","","","","","","","","","","","","","","","","","","","","","","","","","","","","","","","","","","","","","","86.2795833333333","86.44875","86.5708333333333","87.4658333333333","",
"Central Europe and the Baltics","CEB","Statistical performance indicators (SPI): Overall score (scale 0-100)","IQ.SPI.OVRL","","","","","","","","","","","","","","","","","","","","","","","","","","","","","","","","","","","","","","","","","","","","","","","","","","","","","","","","","","","","","",
"Switzerland","CHE","Statistical performance indicators (SPI): Overall score (scale 0-100)","IQ.SPI.OVRL","","","","","","","","","","","","","","","","","","","","","","","","","","","","","","","","","","","","","","","","","","","","","","","","","","","","","","","","","86.0579166666667","86.9233333333333","88.2558333333333","87.015","",
"Channel Islands","CHI","Statistical performance indicators (SPI): Overall score (scale 0-100)","IQ.SPI.OVRL","","","","","","","","","","","","","","","","","","","","","","","","","","","","","","","","","","","","","","","","","","","","","","","","","","","","","","","","","","","","","",
"Chile","CHL","Statistical performance indicators (SPI): Overall score (scale 0-100)","IQ.SPI.OVRL","","","","","","","","","","","","","","","","","","","","","","","","","","","","","","","","","","","","","","","","","","","","","","","","","","","","","","","","","79.68125","78.9216666666667","80.5045833333333","82.4370833333333","",
"China","CHN","Statistical performance indicators (SPI): Overall score (scale 0-100)","IQ.SPI.OVRL","","","","","","","","","","","","","","","","","","","","","","","","","","","","","","","","","","","","","","","","","","","","","","","","","","","","","","","","","53.63625","55.1675","55.53625","58.2183333333333","",
"Cote d'Ivoire","CIV","Statistical performance indicators (SPI): Overall score (scale 0-100)","IQ.SPI.OVRL","","","","","","","","","","","","","","","","","","","","","","","","","","","","","","","","","","","","","","","","","","","","","","","","","","","","","","","","","50.3566666666667","55.67","57.2783333333333","56.1083333333333","",
"Cameroon","CMR","Statistical performance indicators (SPI): Overall score (scale 0-100)","IQ.SPI.OVRL","","","","","","","","","","","","","","","","","","","","","","","","","","","","","","","","","","","","","","","","","","","","","","","","","","","","","","","","","52.9966666666667","57.04","57.3983333333333","53.4766666666667","",
"Congo, Dem. Rep.","COD","Statistical performance indicators (SPI): Overall score (scale 0-100)","IQ.SPI.OVRL","","","","","","","","","","","","","","","","","","","","","","","","","","","","","","","","","","","","","","","","","","","","","","","","","","","","","","","","","","32.79125","40.28625","33.7533333333333","",
"Congo, Rep.","COG","Statistical performance indicators (SPI): Overall score (scale 0-100)","IQ.SPI.OVRL","","","","","","","","","","","","","","","","","","","","","","","","","","","","","","","","","","","","","","","","","","","","","","","","","","","","","","","","","42.6720833333333","37.6283333333333","36.6616666666667","36.5766666666667","",
"Colombia","COL","Statistical performance indicators (SPI): Overall score (scale 0-100)","IQ.SPI.OVRL","","","","","","","","","","","","","","","","","","","","","","","","","","","","","","","","","","","","","","","","","","","","","","","","","","","","","","","","","71.59","71.6525","71.1120833333333","73.7654166666667","",
"Comoros","COM","Statistical performance indicators (SPI): Overall score (scale 0-100)","IQ.SPI.OVRL","","","","","","","","","","","","","","","","","","","","","","","","","","","","","","","","","","","","","","","","","","","","","","","","","","","","","","","","","","","","","",
"Cabo Verde","CPV","Statistical performance indicators (SPI): Overall score (scale 0-100)","IQ.SPI.OVRL","","","","","","","","","","","","","","","","","","","","","","","","","","","","","","","","","","","","","","","","","","","","","","","","","","","","","","","","","52.6725","55.24375","54.55625","54.66875","",
"Costa Rica","CRI","Statistical performance indicators (SPI): Overall score (scale 0-100)","IQ.SPI.OVRL","","","","","","","","","","","","","","","","","","","","","","","","","","","","","","","","","","","","","","","","","","","","","","","","","","","","","","","","","72.03625","77.9166666666667","76.6891666666667","79.7779166666667","",
"Caribbean small states","CSS","Statistical performance indicators (SPI): Overall score (scale 0-100)","IQ.SPI.OVRL","","","","","","","","","","","","","","","","","","","","","","","","","","","","","","","","","","","","","","","","","","","","","","","","","","","","","","","","","","","","","",
"Cuba","CUB","Statistical performance indicators (SPI): Overall score (scale 0-100)","IQ.SPI.OVRL","","","","","","","","","","","","","","","","","","","","","","","","","","","","","","","","","","","","","","","","","","","","","","","","","","","","","","","","","","","","","",
"Curacao","CUW","Statistical performance indicators (SPI): Overall score (scale 0-100)","IQ.SPI.OVRL","","","","","","","","","","","","","","","","","","","","","","","","","","","","","","","","","","","","","","","","","","","","","","","","","","","","","","","","","","","","","",
"Cayman Islands","CYM","Statistical performance indicators (SPI): Overall score (scale 0-100)","IQ.SPI.OVRL","","","","","","","","","","","","","","","","","","","","","","","","","","","","","","","","","","","","","","","","","","","","","","","","","","","","","","","","","","","","","",
"Cyprus","CYP","Statistical performance indicators (SPI): Overall score (scale 0-100)","IQ.SPI.OVRL","","","","","","","","","","","","","","","","","","","","","","","","","","","","","","","","","","","","","","","","","","","","","","","","","","","","","","","","","71.3479166666667","71.6475","80.7175","80.78125","",
"Czech Republic","CZE","Statistical performance indicators (SPI): Overall score (scale 0-100)","IQ.SPI.OVRL","","","","","","","","","","","","","","","","","","","","","","","","","","","","","","","","","","","","","","","","","","","","","","","","","","","","","","","","","78.0025","78.47125","85.2158333333333","85.0608333333333","",
"Germany","DEU","Statistical performance indicators (SPI): Overall score (scale 0-100)","IQ.SPI.OVRL","","","","","","","","","","","","","","","","","","","","","","","","","","","","","","","","","","","","","","","","","","","","","","","","","","","","","","","","","84.9066666666667","85.5679166666667","87.4416666666667","87.4979166666667","",
"Djibouti","DJI","Statistical performance indicators (SPI): Overall score (scale 0-100)","IQ.SPI.OVRL","","","","","","","","","","","","","","","","","","","","","","","","","","","","","","","","","","","","","","","","","","","","","","","","","","","","","","","","","25.6304166666667","29.54","37.1016666666667","36.60625","",
"Dominica","DMA","Statistical performance indicators (SPI): Overall score (scale 0-100)","IQ.SPI.OVRL","","","","","","","","","","","","","","","","","","","","","","","","","","","","","","","","","","","","","","","","","","","","","","","","","","","","","","","","","","","","","",
"Denmark","DNK","Statistical performance indicators (SPI): Overall score (scale 0-100)","IQ.SPI.OVRL","","","","","","","","","","","","","","","","","","","","","","","","","","","","","","","","","","","","","","","","","","","","","","","","","","","","","","","","","77.4433333333333","79.1179166666667","86.3395833333333","86.1170833333333","",
"Dominican Republic","DOM","Statistical performance indicators (SPI): Overall score (scale 0-100)","IQ.SPI.OVRL","","","","","","","","","","","","","","","","","","","","","","","","","","","","","","","","","","","","","","","","","","","","","","","","","","","","","","","","","60.205","63.4083333333333","60.8966666666667","63.9395833333333","",
"Algeria","DZA","Statistical performance indicators (SPI): Overall score (scale 0-100)","IQ.SPI.OVRL","","","","","","","","","","","","","","","","","","","","","","","","","","","","","","","","","","","","","","","","","","","","","","","","","","","","","","","","","41.5570833333333","45.70125","52.745","55.1491666666667","",
"East Asia & Pacific (excluding high income)","EAP","Statistical performance indicators (SPI): Overall score (scale 0-100)","IQ.SPI.OVRL","","","","","","","","","","","","","","","","","","","","","","","","","","","","","","","","","","","","","","","","","","","","","","","","","","","","","","","","","","","","","",
"Early-demographic dividend","EAR","Statistical performance indicators (SPI): Overall score (scale 0-100)","IQ.SPI.OVRL","","","","","","","","","","","","","","","","","","","","","","","","","","","","","","","","","","","","","","","","","","","","","","","","","","","","","","","","","","","","","",
"East Asia & Pacific","EAS","Statistical performance indicators (SPI): Overall score (scale 0-100)","IQ.SPI.OVRL","","","","","","","","","","","","","","","","","","","","","","","","","","","","","","","","","","","","","","","","","","","","","","","","","","","","","","","","","","","","","",
"Europe & Central Asia (excluding high income)","ECA","Statistical performance indicators (SPI): Overall score (scale 0-100)","IQ.SPI.OVRL","","","","","","","","","","","","","","","","","","","","","","","","","","","","","","","","","","","","","","","","","","","","","","","","","","","","","","","","","","","","","",
"Europe & Central Asia","ECS","Statistical performance indicators (SPI): Overall score (scale 0-100)","IQ.SPI.OVRL","","","","","","","","","","","","","","","","","","","","","","","","","","","","","","","","","","","","","","","","","","","","","","","","","","","","","","","","","","","","","",
"Ecuador","ECU","Statistical performance indicators (SPI): Overall score (scale 0-100)","IQ.SPI.OVRL","","","","","","","","","","","","","","","","","","","","","","","","","","","","","","","","","","","","","","","","","","","","","","","","","","","","","","","","","70.8729166666667","71.5370833333333","73.41375","72.95","",
"Egypt, Arab Rep.","EGY","Statistical performance indicators (SPI): Overall score (scale 0-100)","IQ.SPI.OVRL","","","","","","","","","","","","","","","","","","","","","","","","","","","","","","","","","","","","","","","","","","","","","","","","","","","","","","","","","75.9395833333333","74.4120833333333","74.545","74.0708333333333","",
"Euro area","EMU","Statistical performance indicators (SPI): Overall score (scale 0-100)","IQ.SPI.OVRL","","","","","","","","","","","","","","","","","","","","","","","","","","","","","","","","","","","","","","","","","","","","","","","","","","","","","","","","","","","","","",
"Eritrea","ERI","Statistical performance indicators (SPI): Overall score (scale 0-100)","IQ.SPI.OVRL","","","","","","","","","","","","","","","","","","","","","","","","","","","","","","","","","","","","","","","","","","","","","","","","","","","","","","","","","","","","","",
"Spain","ESP","Statistical performance indicators (SPI): Overall score (scale 0-100)","IQ.SPI.OVRL","","","","","","","","","","","","","","","","","","","","","","","","","","","","","","","","","","","","","","","","","","","","","","","","","","","","","","","","","86.0908333333333","86.7870833333333","87.8454166666667","88.8541666666667","",
"Estonia","EST","Statistical performance indicators (SPI): Overall score (scale 0-100)","IQ.SPI.OVRL","","","","","","","","","","","","","","","","","","","","","","","","","","","","","","","","","","","","","","","","","","","","","","","","","","","","","","","","","80.5945833333333","80.1879166666667","86.755","86.07375","",
"Ethiopia","ETH","Statistical performance indicators (SPI): Overall score (scale 0-100)","IQ.SPI.OVRL","","","","","","","","","","","","","","","","","","","","","","","","","","","","","","","","","","","","","","","","","","","","","","","","","","","","","","","","","50.8154166666667","55.53875","53.5929166666667","53.5991666666667","",
"European Union","EUU","Statistical performance indicators (SPI): Overall score (scale 0-100)","IQ.SPI.OVRL","","","","","","","","","","","","","","","","","","","","","","","","","","","","","","","","","","","","","","","","","","","","","","","","","","","","","","","","","","","","","",
"Fragile and conflict affected situations","FCS","Statistical performance indicators (SPI): Overall score (scale 0-100)","IQ.SPI.OVRL","","","","","","","","","","","","","","","","","","","","","","","","","","","","","","","","","","","","","","","","","","","","","","","","","","","","","","","","","","","","","",
"Finland","FIN","Statistical performance indicators (SPI): Overall score (scale 0-100)","IQ.SPI.OVRL","","","","","","","","","","","","","","","","","","","","","","","","","","","","","","","","","","","","","","","","","","","","","","","","","","","","","","","","","87.46125","88.5458333333333","88.7175","88.4775","",
"Fiji","FJI","Statistical performance indicators (SPI): Overall score (scale 0-100)","IQ.SPI.OVRL","","","","","","","","","","","","","","","","","","","","","","","","","","","","","","","","","","","","","","","","","","","","","","","","","","","","","","","","","54.48625","58.9983333333333","58.14125","57.6008333333333","",
"France","FRA","Statistical performance indicators (SPI): Overall score (scale 0-100)","IQ.SPI.OVRL","","","","","","","","","","","","","","","","","","","","","","","","","","","","","","","","","","","","","","","","","","","","","","","","","","","","","","","","","84.8804166666667","86.5266666666667","86.6070833333333","86.3483333333333","",
"Faroe Islands","FRO","Statistical performance indicators (SPI): Overall score (scale 0-100)","IQ.SPI.OVRL","","","","","","","","","","","","","","","","","","","","","","","","","","","","","","","","","","","","","","","","","","","","","","","","","","","","","","","","","","","","","",
"Micronesia, Fed. Sts.","FSM","Statistical performance indicators (SPI): Overall score (scale 0-100)","IQ.SPI.OVRL","","","","","","","","","","","","","","","","","","","","","","","","","","","","","","","","","","","","","","","","","","","","","","","","","","","","","","","","","21.4858333333333","23.9979166666667","24.4558333333333","23.8195833333333","",
"Gabon","GAB","Statistical performance indicators (SPI): Overall score (scale 0-100)","IQ.SPI.OVRL","","","","","","","","","","","","","","","","","","","","","","","","","","","","","","","","","","","","","","","","","","","","","","","","","","","","","","","","","23.19875","27.9983333333333","27.5720833333333","28.0545833333333","",
"United Kingdom","GBR","Statistical performance indicators (SPI): Overall score (scale 0-100)","IQ.SPI.OVRL","","","","","","","","","","","","","","","","","","","","","","","","","","","","","","","","","","","","","","","","","","","","","","","","","","","","","","","","","82.0066666666667","83.1416666666667","83.3045833333333","83.1533333333333","",
"Georgia","GEO","Statistical performance indicators (SPI): Overall score (scale 0-100)","IQ.SPI.OVRL","","","","","","","","","","","","","","","","","","","","","","","","","","","","","","","","","","","","","","","","","","","","","","","","","","","","","","","","","73.7083333333333","76.9133333333333","75.44625","80.0604166666667","",
"Ghana","GHA","Statistical performance indicators (SPI): Overall score (scale 0-100)","IQ.SPI.OVRL","","","","","","","","","","","","","","","","","","","","","","","","","","","","","","","","","","","","","","","","","","","","","","","","","","","","","","","","","56.8391666666667","60.1670833333333","60.1733333333334","61.9958333333333","",
"Gibraltar","GIB","Statistical performance indicators (SPI): Overall score (scale 0-100)","IQ.SPI.OVRL","","","","","","","","","","","","","","","","","","","","","","","","","","","","","","","","","","","","","","","","","","","","","","","","","","","","","","","","","","","","","",
"Guinea","GIN","Statistical performance indicators (SPI): Overall score (scale 0-100)","IQ.SPI.OVRL","","","","","","","","","","","","","","","","","","","","","","","","","","","","","","","","","","","","","","","","","","","","","","","","","","","","","","","","","39.8654166666667","41.8241666666667","39.9679166666667","45.8754166666667","",
"Gambia, The","GMB","Statistical performance indicators (SPI): Overall score (scale 0-100)","IQ.SPI.OVRL","","","","","","","","","","","","","","","","","","","","","","","","","","","","","","","","","","","","","","","","","","","","","","","","","","","","","","","","","42.6220833333333","46.8929166666667","48.6391666666667","44.01875","",
"Guinea-Bissau","GNB","Statistical performance indicators (SPI): Overall score (scale 0-100)","IQ.SPI.OVRL","","","","","","","","","","","","","","","","","","","","","","","","","","","","","","","","","","","","","","","","","","","","","","","","","","","","","","","","","32.3475","41.075","41.6866666666667","33.4025","",
"Equatorial Guinea","GNQ","Statistical performance indicators (SPI): Overall score (scale 0-100)","IQ.SPI.OVRL","","","","","","","","","","","","","","","","","","","","","","","","","","","","","","","","","","","","","","","","","","","","","","","","","","","","","","","","","","","","","",
"Greece","GRC","Statistical performance indicators (SPI): Overall score (scale 0-100)","IQ.SPI.OVRL","","","","","","","","","","","","","","","","","","","","","","","","","","","","","","","","","","","","","","","","","","","","","","","","","","","","","","","","","82.5491666666667","83.86875","84.4470833333333","85.3608333333333","",
"Grenada","GRD","Statistical performance indicators (SPI): Overall score (scale 0-100)","IQ.SPI.OVRL","","","","","","","","","","","","","","","","","","","","","","","","","","","","","","","","","","","","","","","","","","","","","","","","","","","","","","","","","","","","","",
"Greenland","GRL","Statistical performance indicators (SPI): Overall score (scale 0-100)","IQ.SPI.OVRL","","","","","","","","","","","","","","","","","","","","","","","","","","","","","","","","","","","","","","","","","","","","","","","","","","","","","","","","","","","","","",
"Guatemala","GTM","Statistical performance indicators (SPI): Overall score (scale 0-100)","IQ.SPI.OVRL","","","","","","","","","","","","","","","","","","","","","","","","","","","","","","","","","","","","","","","","","","","","","","","","","","","","","","","","","59.0166666666667","62.3233333333334","62.4625","61.0329166666667","",
"Guam","GUM","Statistical performance indicators (SPI): Overall score (scale 0-100)","IQ.SPI.OVRL","","","","","","","","","","","","","","","","","","","","","","","","","","","","","","","","","","","","","","","","","","","","","","","","","","","","","","","","","","","","","",
"Guyana","GUY","Statistical performance indicators (SPI): Overall score (scale 0-100)","IQ.SPI.OVRL","","","","","","","","","","","","","","","","","","","","","","","","","","","","","","","","","","","","","","","","","","","","","","","","","","","","","","","","","35.5566666666667","32.7125","42.4708333333333","41.4895833333333","",
"High income","HIC","Statistical performance indicators (SPI): Overall score (scale 0-100)","IQ.SPI.OVRL","","","","","","","","","","","","","","","","","","","","","","","","","","","","","","","","","","","","","","","","","","","","","","","","","","","","","","","","","","","","","",
"Hong Kong SAR, China","HKG","Statistical performance indicators (SPI): Overall score (scale 0-100)","IQ.SPI.OVRL","","","","","","","","","","","","","","","","","","","","","","","","","","","","","","","","","","","","","","","","","","","","","","","","","","","","","","","","","","","","","",
"Honduras","HND","Statistical performance indicators (SPI): Overall score (scale 0-100)","IQ.SPI.OVRL","","","","","","","","","","","","","","","","","","","","","","","","","","","","","","","","","","","","","","","","","","","","","","","","","","","","","","","","","58.21125","60.5429166666667","61.07","61.17625","",
"Heavily indebted poor countries (HIPC)","HPC","Statistical performance indicators (SPI): Overall score (scale 0-100)","IQ.SPI.OVRL","","","","","","","","","","","","","","","","","","","","","","","","","","","","","","","","","","","","","","","","","","","","","","","","","","","","","","","","","","","","","",
"Croatia","HRV","Statistical performance indicators (SPI): Overall score (scale 0-100)","IQ.SPI.OVRL","","","","","","","","","","","","","","","","","","","","","","","","","","","","","","","","","","","","","","","","","","","","","","","","","","","","","","","","","66.4333333333333","61.02","66.4516666666667","68.3841666666667","",
"Haiti","HTI","Statistical performance indicators (SPI): Overall score (scale 0-100)","IQ.SPI.OVRL","","","","","","","","","","","","","","","","","","","","","","","","","","","","","","","","","","","","","","","","","","","","","","","","","","","","","","","","","36.1866666666667","38.335","44.9125","37.51625","",
"Hungary","HUN","Statistical performance indicators (SPI): Overall score (scale 0-100)","IQ.SPI.OVRL","","","","","","","","","","","","","","","","","","","","","","","","","","","","","","","","","","","","","","","","","","","","","","","","","","","","","","","","","83.7516666666667","84.5366666666667","84.9666666666667","84.8341666666667","",
"IBRD only","IBD","Statistical performance indicators (SPI): Overall score (scale 0-100)","IQ.SPI.OVRL","","","","","","","","","","","","","","","","","","","","","","","","","","","","","","","","","","","","","","","","","","","","","","","","","","","","","","","","","","","","","",
"IDA & IBRD total","IBT","Statistical performance indicators (SPI): Overall score (scale 0-100)","IQ.SPI.OVRL","","","","","","","","","","","","","","","","","","","","","","","","","","","","","","","","","","","","","","","","","","","","","","","","","","","","","","","","","","","","","",
"IDA total","IDA","Statistical performance indicators (SPI): Overall score (scale 0-100)","IQ.SPI.OVRL","","","","","","","","","","","","","","","","","","","","","","","","","","","","","","","","","","","","","","","","","","","","","","","","","","","","","","","","","","","","","",
"IDA blend","IDB","Statistical performance indicators (SPI): Overall score (scale 0-100)","IQ.SPI.OVRL","","","","","","","","","","","","","","","","","","","","","","","","","","","","","","","","","","","","","","","","","","","","","","","","","","","","","","","","","","","","","",
"Indonesia","IDN","Statistical performance indicators (SPI): Overall score (scale 0-100)","IQ.SPI.OVRL","","","","","","","","","","","","","","","","","","","","","","","","","","","","","","","","","","","","","","","","","","","","","","","","","","","","","","","","","68.5645833333333","70.4541666666667","72.35125","72.2025","",
"IDA only","IDX","Statistical performance indicators (SPI): Overall score (scale 0-100)","IQ.SPI.OVRL","","","","","","","","","","","","","","","","","","","","","","","","","","","","","","","","","","","","","","","","","","","","","","","","","","","","","","","","","","","","","",
"Isle of Man","IMN","Statistical performance indicators (SPI): Overall score (scale 0-100)","IQ.SPI.OVRL","","","","","","","","","","","","","","","","","","","","","","","","","","","","","","","","","","","","","","","","","","","","","","","","","","","","","","","","","","","","","",
"India","IND","Statistical performance indicators (SPI): Overall score (scale 0-100)","IQ.SPI.OVRL","","","","","","","","","","","","","","","","","","","","","","","","","","","","","","","","","","","","","","","","","","","","","","","","","","","","","","","","","67.3854166666667","64.6625","69.0820833333333","70.3670833333333","",
"Not classified","INX","Statistical performance indicators (SPI): Overall score (scale 0-100)","IQ.SPI.OVRL","","","","","","","","","","","","","","","","","","","","","","","","","","","","","","","","","","","","","","","","","","","","","","","","","","","","","","","","","","","","","",
"Ireland","IRL","Statistical performance indicators (SPI): Overall score (scale 0-100)","IQ.SPI.OVRL","","","","","","","","","","","","","","","","","","","","","","","","","","","","","","","","","","","","","","","","","","","","","","","","","","","","","","","","","83.9304166666667","85.6495833333333","86.2975","87.0375","",
"Iran, Islamic Rep.","IRN","Statistical performance indicators (SPI): Overall score (scale 0-100)","IQ.SPI.OVRL","","","","","","","","","","","","","","","","","","","","","","","","","","","","","","","","","","","","","","","","","","","","","","","","","","","","","","","","","45.67875","49.1416666666667","56.9320833333333","56.6883333333333","",
"Iraq","IRQ","Statistical performance indicators (SPI): Overall score (scale 0-100)","IQ.SPI.OVRL","","","","","","","","","","","","","","","","","","","","","","","","","","","","","","","","","","","","","","","","","","","","","","","","","","","","","","","","","38.4608333333333","36.0333333333333","35.4779166666667","34.8016666666667","",
"Iceland","ISL","Statistical performance indicators (SPI): Overall score (scale 0-100)","IQ.SPI.OVRL","","","","","","","","","","","","","","","","","","","","","","","","","","","","","","","","","","","","","","","","","","","","","","","","","","","","","","","","","69.4416666666667","71.7195833333333","78.1145833333333","77.8333333333333","",
"Israel","ISR","Statistical performance indicators (SPI): Overall score (scale 0-100)","IQ.SPI.OVRL","","","","","","","","","","","","","","","","","","","","","","","","","","","","","","","","","","","","","","","","","","","","","","","","","","","","","","","","","74.71","77.3416666666667","77.3533333333333","78.1358333333333","",
"Italy","ITA","Statistical performance indicators (SPI): Overall score (scale 0-100)","IQ.SPI.OVRL","","","","","","","","","","","","","","","","","","","","","","","","","","","","","","","","","","","","","","","","","","","","","","","","","","","","","","","","","90.2908333333333","90.1370833333334","90.1145833333333","89.7958333333333","",
"Jamaica","JAM","Statistical performance indicators (SPI): Overall score (scale 0-100)","IQ.SPI.OVRL","","","","","","","","","","","","","","","","","","","","","","","","","","","","","","","","","","","","","","","","","","","","","","","","","","","","","","","","","50.6954166666667","49.7558333333333","55.3204166666667","54.6429166666667","",
"Jordan","JOR","Statistical performance indicators (SPI): Overall score (scale 0-100)","IQ.SPI.OVRL","","","","","","","","","","","","","","","","","","","","","","","","","","","","","","","","","","","","","","","","","","","","","","","","","","","","","","","","","58.6825","58.1720833333333","58.7166666666667","62.0104166666667","",
"Japan","JPN","Statistical performance indicators (SPI): Overall score (scale 0-100)","IQ.SPI.OVRL","","","","","","","","","","","","","","","","","","","","","","","","","","","","","","","","","","","","","","","","","","","","","","","","","","","","","","","","","75.115","76.7166666666667","85.3591666666667","85.8091666666667","",
"Kazakhstan","KAZ","Statistical performance indicators (SPI): Overall score (scale 0-100)","IQ.SPI.OVRL","","","","","","","","","","","","","","","","","","","","","","","","","","","","","","","","","","","","","","","","","","","","","","","","","","","","","","","","","71.00625","72.1141666666667","78.9316666666667","78.5591666666667","",
"Kenya","KEN","Statistical performance indicators (SPI): Overall score (scale 0-100)","IQ.SPI.OVRL","","","","","","","","","","","","","","","","","","","","","","","","","","","","","","","","","","","","","","","","","","","","","","","","","","","","","","","","","55.9166666666667","57.3279166666667","54.9629166666667","54.5379166666667","",
"Kyrgyz Republic","KGZ","Statistical performance indicators (SPI): Overall score (scale 0-100)","IQ.SPI.OVRL","","","","","","","","","","","","","","","","","","","","","","","","","","","","","","","","","","","","","","","","","","","","","","","","","","","","","","","","","78.5908333333333","77.6279166666667","75.82125","78.6325","",
"Cambodia","KHM","Statistical performance indicators (SPI): Overall score (scale 0-100)","IQ.SPI.OVRL","","","","","","","","","","","","","","","","","","","","","","","","","","","","","","","","","","","","","","","","","","","","","","","","","","","","","","","","","56.4629166666667","57.5395833333333","56.51","56.2025","",
"Kiribati","KIR","Statistical performance indicators (SPI): Overall score (scale 0-100)","IQ.SPI.OVRL","","","","","","","","","","","","","","","","","","","","","","","","","","","","","","","","","","","","","","","","","","","","","","","","","","","","","","","","","22.0595833333333","24.37","24.1175","24.4975","",
"St. Kitts and Nevis","KNA","Statistical performance indicators (SPI): Overall score (scale 0-100)","IQ.SPI.OVRL","","","","","","","","","","","","","","","","","","","","","","","","","","","","","","","","","","","","","","","","","","","","","","","","","","","","","","","","","","","","","",
"Korea, Rep.","KOR","Statistical performance indicators (SPI): Overall score (scale 0-100)","IQ.SPI.OVRL","","","","","","","","","","","","","","","","","","","","","","","","","","","","","","","","","","","","","","","","","","","","","","","","","","","","","","","","","76.1670833333333","78.5020833333333","84.8145833333333","88.28375","",
"Kuwait","KWT","Statistical performance indicators (SPI): Overall score (scale 0-100)","IQ.SPI.OVRL","","","","","","","","","","","","","","","","","","","","","","","","","","","","","","","","","","","","","","","","","","","","","","","","","","","","","","","","","50.3733333333333","55.25","60.8941666666667","64.2229166666667","",
"Latin America & Caribbean (excluding high income)","LAC","Statistical performance indicators (SPI): Overall score (scale 0-100)","IQ.SPI.OVRL","","","","","","","","","","","","","","","","","","","","","","","","","","","","","","","","","","","","","","","","","","","","","","","","","","","","","","","","","","","","","",
"Lao PDR","LAO","Statistical performance indicators (SPI): Overall score (scale 0-100)","IQ.SPI.OVRL","","","","","","","","","","","","","","","","","","","","","","","","","","","","","","","","","","","","","","","","","","","","","","","","","","","","","","","","","44.6720833333333","48.3404166666667","48.87875","54.1120833333333","",
"Lebanon","LBN","Statistical performance indicators (SPI): Overall score (scale 0-100)","IQ.SPI.OVRL","","","","","","","","","","","","","","","","","","","","","","","","","","","","","","","","","","","","","","","","","","","","","","","","","","","","","","","","","33.0829166666667","37.9145833333333","45.4429166666667","51.8704166666667","",
"Liberia","LBR","Statistical performance indicators (SPI): Overall score (scale 0-100)","IQ.SPI.OVRL","","","","","","","","","","","","","","","","","","","","","","","","","","","","","","","","","","","","","","","","","","","","","","","","","","","","","","","","","44.60625","47.8408333333333","48.10625","49.4283333333333","",
"Libya","LBY","Statistical performance indicators (SPI): Overall score (scale 0-100)","IQ.SPI.OVRL","","","","","","","","","","","","","","","","","","","","","","","","","","","","","","","","","","","","","","","","","","","","","","","","","","","","","","","","","23.945","23.2308333333333","23.4091666666667","21.4075","",
"St. Lucia","LCA","Statistical performance indicators (SPI): Overall score (scale 0-100)","IQ.SPI.OVRL","","","","","","","","","","","","","","","","","","","","","","","","","","","","","","","","","","","","","","","","","","","","","","","","","","","","","","","","","51.68","47.9929166666667","50.9654166666667","50.8841666666667","",
"Latin America & Caribbean","LCN","Statistical performance indicators (SPI): Overall score (scale 0-100)","IQ.SPI.OVRL","","","","","","","","","","","","","","","","","","","","","","","","","","","","","","","","","","","","","","","","","","","","","","","","","","","","","","","","","","","","","",
"Least developed countries: UN classification","LDC","Statistical performance indicators (SPI): Overall score (scale 0-100)","IQ.SPI.OVRL","","","","","","","","","","","","","","","","","","","","","","","","","","","","","","","","","","","","","","","","","","","","","","","","","","","","","","","","","","","","","",
"Low income","LIC","Statistical performance indicators (SPI): Overall score (scale 0-100)","IQ.SPI.OVRL","","","","","","","","","","","","","","","","","","","","","","","","","","","","","","","","","","","","","","","","","","","","","","","","","","","","","","","","","","","","","",
"Liechtenstein","LIE","Statistical performance indicators (SPI): Overall score (scale 0-100)","IQ.SPI.OVRL","","","","","","","","","","","","","","","","","","","","","","","","","","","","","","","","","","","","","","","","","","","","","","","","","","","","","","","","","","","","","",
"Sri Lanka","LKA","Statistical performance indicators (SPI): Overall score (scale 0-100)","IQ.SPI.OVRL","","","","","","","","","","","","","","","","","","","","","","","","","","","","","","","","","","","","","","","","","","","","","","","","","","","","","","","","","71.0208333333333","72.4504166666667","72.2941666666667","72.5829166666667","",
"Lower middle income","LMC","Statistical performance indicators (SPI): Overall score (scale 0-100)","IQ.SPI.OVRL","","","","","","","","","","","","","","","","","","","","","","","","","","","","","","","","","","","","","","","","","","","","","","","","","","","","","","","","","","","","","",
"Low & middle income","LMY","Statistical performance indicators (SPI): Overall score (scale 0-100)","IQ.SPI.OVRL","","","","","","","","","","","","","","","","","","","","","","","","","","","","","","","","","","","","","","","","","","","","","","","","","","","","","","","","","","","","","",
"Lesotho","LSO","Statistical performance indicators (SPI): Overall score (scale 0-100)","IQ.SPI.OVRL","","","","","","","","","","","","","","","","","","","","","","","","","","","","","","","","","","","","","","","","","","","","","","","","","","","","","","","","","49.03875","54.3770833333333","55.7041666666667","55.2254166666667","",
"Late-demographic dividend","LTE","Statistical performance indicators (SPI): Overall score (scale 0-100)","IQ.SPI.OVRL","","","","","","","","","","","","","","","","","","","","","","","","","","","","","","","","","","","","","","","","","","","","","","","","","","","","","","","","","","","","","",
"Lithuania","LTU","Statistical performance indicators (SPI): Overall score (scale 0-100)","IQ.SPI.OVRL","","","","","","","","","","","","","","","","","","","","","","","","","","","","","","","","","","","","","","","","","","","","","","","","","","","","","","","","","78.5691666666667","78.6508333333333","85.43875","84.93375","",
"Luxembourg","LUX","Statistical performance indicators (SPI): Overall score (scale 0-100)","IQ.SPI.OVRL","","","","","","","","","","","","","","","","","","","","","","","","","","","","","","","","","","","","","","","","","","","","","","","","","","","","","","","","","68.6941666666667","70.9883333333333","78.73375","78.20125","",
"Latvia","LVA","Statistical performance indicators (SPI): Overall score (scale 0-100)","IQ.SPI.OVRL","","","","","","","","","","","","","","","","","","","","","","","","","","","","","","","","","","","","","","","","","","","","","","","","","","","","","","","","","83.8820833333333","84.3395833333333","83.9991666666667","83.7191666666667","",
"Macao SAR, China","MAC","Statistical performance indicators (SPI): Overall score (scale 0-100)","IQ.SPI.OVRL","","","","","","","","","","","","","","","","","","","","","","","","","","","","","","","","","","","","","","","","","","","","","","","","","","","","","","","","","","","","","",
"St. Martin (French part)","MAF","Statistical performance indicators (SPI): Overall score (scale 0-100)","IQ.SPI.OVRL","","","","","","","","","","","","","","","","","","","","","","","","","","","","","","","","","","","","","","","","","","","","","","","","","","","","","","","","","","","","","",
"Morocco","MAR","Statistical performance indicators (SPI): Overall score (scale 0-100)","IQ.SPI.OVRL","","","","","","","","","","","","","","","","","","","","","","","","","","","","","","","","","","","","","","","","","","","","","","","","","","","","","","","","","57.685","57.0095833333333","59.8575","59.01625","",
"Monaco","MCO","Statistical performance indicators (SPI): Overall score (scale 0-100)","IQ.SPI.OVRL","","","","","","","","","","","","","","","","","","","","","","","","","","","","","","","","","","","","","","","","","","","","","","","","","","","","","","","","","","","","","",
"Moldova","MDA","Statistical performance indicators (SPI): Overall score (scale 0-100)","IQ.SPI.OVRL","","","","","","","","","","","","","","","","","","","","","","","","","","","","","","","","","","","","","","","","","","","","","","","","","","","","","","","","","71.2125","69.2379166666667","75.62125","79.3225","",
"Madagascar","MDG","Statistical performance indicators (SPI): Overall score (scale 0-100)","IQ.SPI.OVRL","","","","","","","","","","","","","","","","","","","","","","","","","","","","","","","","","","","","","","","","","","","","","","","","","","","","","","","","","39.04875","41.69","50.1875","51.9804166666667","",
"Maldives","MDV","Statistical performance indicators (SPI): Overall score (scale 0-100)","IQ.SPI.OVRL","","","","","","","","","","","","","","","","","","","","","","","","","","","","","","","","","","","","","","","","","","","","","","","","","","","","","","","","","49.5591666666667","49.45","50.735","52.8975","",
"Middle East & North Africa","MEA","Statistical performance indicators (SPI): Overall score (scale 0-100)","IQ.SPI.OVRL","","","","","","","","","","","","","","","","","","","","","","","","","","","","","","","","","","","","","","","","","","","","","","","","","","","","","","","","","","","","","",
"Mexico","MEX","Statistical performance indicators (SPI): Overall score (scale 0-100)","IQ.SPI.OVRL","","","","","","","","","","","","","","","","","","","","","","","","","","","","","","","","","","","","","","","","","","","","","","","","","","","","","","","","","80.3541666666667","88.7208333333333","87.7683333333333","87.5070833333333","",
"Marshall Islands","MHL","Statistical performance indicators (SPI): Overall score (scale 0-100)","IQ.SPI.OVRL","","","","","","","","","","","","","","","","","","","","","","","","","","","","","","","","","","","","","","","","","","","","","","","","","","","","","","","","","13.5125","20.1520833333333","20.9604166666667","20.8604166666667","",
"Middle income","MIC","Statistical performance indicators (SPI): Overall score (scale 0-100)","IQ.SPI.OVRL","","","","","","","","","","","","","","","","","","","","","","","","","","","","","","","","","","","","","","","","","","","","","","","","","","","","","","","","","","","","","",
"North Macedonia","MKD","Statistical performance indicators (SPI): Overall score (scale 0-100)","IQ.SPI.OVRL","","","","","","","","","","","","","","","","","","","","","","","","","","","","","","","","","","","","","","","","","","","","","","","","","","","","","","","","","61.6070833333333","65.03625","70.14875","72.03875","",
"Mali","MLI","Statistical performance indicators (SPI): Overall score (scale 0-100)","IQ.SPI.OVRL","","","","","","","","","","","","","","","","","","","","","","","","","","","","","","","","","","","","","","","","","","","","","","","","","","","","","","","","","48.1845833333333","52.3695833333333","54.5866666666667","51.9279166666667","",
"Malta","MLT","Statistical performance indicators (SPI): Overall score (scale 0-100)","IQ.SPI.OVRL","","","","","","","","","","","","","","","","","","","","","","","","","","","","","","","","","","","","","","","","","","","","","","","","","","","","","","","","","73.2804166666667","73.42625","73.7883333333333","74.6183333333333","",
"Myanmar","MMR","Statistical performance indicators (SPI): Overall score (scale 0-100)","IQ.SPI.OVRL","","","","","","","","","","","","","","","","","","","","","","","","","","","","","","","","","","","","","","","","","","","","","","","","","","","","","","","","","43.42","53.5525","60.9366666666667","63.7629166666667","",
"Middle East & North Africa (excluding high income)","MNA","Statistical performance indicators (SPI): Overall score (scale 0-100)","IQ.SPI.OVRL","","","","","","","","","","","","","","","","","","","","","","","","","","","","","","","","","","","","","","","","","","","","","","","","","","","","","","","","","","","","","",
"Montenegro","MNE","Statistical performance indicators (SPI): Overall score (scale 0-100)","IQ.SPI.OVRL","","","","","","","","","","","","","","","","","","","","","","","","","","","","","","","","","","","","","","","","","","","","","","","","","","","","","","","","","56.9333333333333","59.9554166666667","64.7404166666667","67.0191666666667","",
"Mongolia","MNG","Statistical performance indicators (SPI): Overall score (scale 0-100)","IQ.SPI.OVRL","","","","","","","","","","","","","","","","","","","","","","","","","","","","","","","","","","","","","","","","","","","","","","","","","","","","","","","","","67.8416666666667","73.7720833333333","76.4620833333333","76.2833333333333","",
"Northern Mariana Islands","MNP","Statistical performance indicators (SPI): Overall score (scale 0-100)","IQ.SPI.OVRL","","","","","","","","","","","","","","","","","","","","","","","","","","","","","","","","","","","","","","","","","","","","","","","","","","","","","","","","","","","","","",
"Mozambique","MOZ","Statistical performance indicators (SPI): Overall score (scale 0-100)","IQ.SPI.OVRL","","","","","","","","","","","","","","","","","","","","","","","","","","","","","","","","","","","","","","","","","","","","","","","","","","","","","","","","","50.0054166666667","55.3908333333333","54.7745833333333","56.2404166666667","",
"Mauritania","MRT","Statistical performance indicators (SPI): Overall score (scale 0-100)","IQ.SPI.OVRL","","","","","","","","","","","","","","","","","","","","","","","","","","","","","","","","","","","","","","","","","","","","","","","","","","","","","","","","","36.8541666666667","40.7845833333333","46.61875","48.06875","",
"Mauritius","MUS","Statistical performance indicators (SPI): Overall score (scale 0-100)","IQ.SPI.OVRL","","","","","","","","","","","","","","","","","","","","","","","","","","","","","","","","","","","","","","","","","","","","","","","","","","","","","","","","","75.3975","76.3091666666667","77.30125","75.91375","",
"Malawi","MWI","Statistical performance indicators (SPI): Overall score (scale 0-100)","IQ.SPI.OVRL","","","","","","","","","","","","","","","","","","","","","","","","","","","","","","","","","","","","","","","","","","","","","","","","","","","","","","","","","53.7991666666667","55.7883333333333","53.8479166666667","56.4904166666667","",
"Malaysia","MYS","Statistical performance indicators (SPI): Overall score (scale 0-100)","IQ.SPI.OVRL","","","","","","","","","","","","","","","","","","","","","","","","","","","","","","","","","","","","","","","","","","","","","","","","","","","","","","","","","61.84375","64.6958333333333","72.6141666666667","71.0504166666667","",
"North America","NAC","Statistical performance indicators (SPI): Overall score (scale 0-100)","IQ.SPI.OVRL","","","","","","","","","","","","","","","","","","","","","","","","","","","","","","","","","","","","","","","","","","","","","","","","","","","","","","","","","","","","","",
"Namibia","NAM","Statistical performance indicators (SPI): Overall score (scale 0-100)","IQ.SPI.OVRL","","","","","","","","","","","","","","","","","","","","","","","","","","","","","","","","","","","","","","","","","","","","","","","","","","","","","","","","","49.5370833333333","52.6058333333333","52.1816666666667","52.2141666666667","",
"New Caledonia","NCL","Statistical performance indicators (SPI): Overall score (scale 0-100)","IQ.SPI.OVRL","","","","","","","","","","","","","","","","","","","","","","","","","","","","","","","","","","","","","","","","","","","","","","","","","","","","","","","","","","","","","",
"Niger","NER","Statistical performance indicators (SPI): Overall score (scale 0-100)","IQ.SPI.OVRL","","","","","","","","","","","","","","","","","","","","","","","","","","","","","","","","","","","","","","","","","","","","","","","","","","","","","","","","","53.6279166666667","56.2545833333333","56.5458333333333","57.0158333333333","",
"Nigeria","NGA","Statistical performance indicators (SPI): Overall score (scale 0-100)","IQ.SPI.OVRL","","","","","","","","","","","","","","","","","","","","","","","","","","","","","","","","","","","","","","","","","","","","","","","","","","","","","","","","","51.7870833333333","49.2054166666667","49.73375","53.5754166666667","",
"Nicaragua","NIC","Statistical performance indicators (SPI): Overall score (scale 0-100)","IQ.SPI.OVRL","","","","","","","","","","","","","","","","","","","","","","","","","","","","","","","","","","","","","","","","","","","","","","","","","","","","","","","","","45.18125","45.6275","49.5241666666667","51.6579166666667","",
"Netherlands","NLD","Statistical performance indicators (SPI): Overall score (scale 0-100)","IQ.SPI.OVRL","","","","","","","","","","","","","","","","","","","","","","","","","","","","","","","","","","","","","","","","","","","","","","","","","","","","","","","","","78.1441666666667","80.21625","87.9095833333333","87.9558333333333","",
"Norway","NOR","Statistical performance indicators (SPI): Overall score (scale 0-100)","IQ.SPI.OVRL","","","","","","","","","","","","","","","","","","","","","","","","","","","","","","","","","","","","","","","","","","","","","","","","","","","","","","","","","78.8220833333333","82.61625","90.1625","90.09375","",
"Nepal","NPL","Statistical performance indicators (SPI): Overall score (scale 0-100)","IQ.SPI.OVRL","","","","","","","","","","","","","","","","","","","","","","","","","","","","","","","","","","","","","","","","","","","","","","","","","","","","","","","","","49.4483333333333","54.9116666666667","53.8958333333333","53.5658333333333","",
"Nauru","NRU","Statistical performance indicators (SPI): Overall score (scale 0-100)","IQ.SPI.OVRL","","","","","","","","","","","","","","","","","","","","","","","","","","","","","","","","","","","","","","","","","","","","","","","","","","","","","","","","","","","","","",
"New Zealand","NZL","Statistical performance indicators (SPI): Overall score (scale 0-100)","IQ.SPI.OVRL","","","","","","","","","","","","","","","","","","","","","","","","","","","","","","","","","","","","","","","","","","","","","","","","","","","","","","","","","78.9629166666667","83.5525","83.26","85.26375","",
"OECD members","OED","Statistical performance indicators (SPI): Overall score (scale 0-100)","IQ.SPI.OVRL","","","","","","","","","","","","","","","","","","","","","","","","","","","","","","","","","","","","","","","","","","","","","","","","","","","","","","","","","","","","","",
"Oman","OMN","Statistical performance indicators (SPI): Overall score (scale 0-100)","IQ.SPI.OVRL","","","","","","","","","","","","","","","","","","","","","","","","","","","","","","","","","","","","","","","","","","","","","","","","","","","","","","","","","48.91","56.6208333333333","57.60125","58.53625","",
"Other small states","OSS","Statistical performance indicators (SPI): Overall score (scale 0-100)","IQ.SPI.OVRL","","","","","","","","","","","","","","","","","","","","","","","","","","","","","","","","","","","","","","","","","","","","","","","","","","","","","","","","","","","","","",
"Pakistan","PAK","Statistical performance indicators (SPI): Overall score (scale 0-100)","IQ.SPI.OVRL","","","","","","","","","","","","","","","","","","","","","","","","","","","","","","","","","","","","","","","","","","","","","","","","","","","","","","","","","56.2533333333333","58.325","61.0445833333333","60.6754166666667","",
"Panama","PAN","Statistical performance indicators (SPI): Overall score (scale 0-100)","IQ.SPI.OVRL","","","","","","","","","","","","","","","","","","","","","","","","","","","","","","","","","","","","","","","","","","","","","","","","","","","","","","","","","49.9341666666667","52.6179166666667","57.9083333333333","59.5845833333333","",
"Peru","PER","Statistical performance indicators (SPI): Overall score (scale 0-100)","IQ.SPI.OVRL","","","","","","","","","","","","","","","","","","","","","","","","","","","","","","","","","","","","","","","","","","","","","","","","","","","","","","","","","64.2304166666667","67.455","69.10625","68.84625","",
"Philippines","PHL","Statistical performance indicators (SPI): Overall score (scale 0-100)","IQ.SPI.OVRL","","","","","","","","","","","","","","","","","","","","","","","","","","","","","","","","","","","","","","","","","","","","","","","","","","","","","","","","","73.24375","74.4920833333333","75.8795833333333","75.7233333333333","",
"Palau","PLW","Statistical performance indicators (SPI): Overall score (scale 0-100)","IQ.SPI.OVRL","","","","","","","","","","","","","","","","","","","","","","","","","","","","","","","","","","","","","","","","","","","","","","","","","","","","","","","","","","","","","",
"Papua New Guinea","PNG","Statistical performance indicators (SPI): Overall score (scale 0-100)","IQ.SPI.OVRL","","","","","","","","","","","","","","","","","","","","","","","","","","","","","","","","","","","","","","","","","","","","","","","","","","","","","","","","","27.3054166666667","33.065","40.925","40.84625","",
"Poland","POL","Statistical performance indicators (SPI): Overall score (scale 0-100)","IQ.SPI.OVRL","","","","","","","","","","","","","","","","","","","","","","","","","","","","","","","","","","","","","","","","","","","","","","","","","","","","","","","","","81.7195833333333","82.5841666666667","88.5595833333333","89.0708333333333","",
"Pre-demographic dividend","PRE","Statistical performance indicators (SPI): Overall score (scale 0-100)","IQ.SPI.OVRL","","","","","","","","","","","","","","","","","","","","","","","","","","","","","","","","","","","","","","","","","","","","","","","","","","","","","","","","","","","","","",
"Puerto Rico","PRI","Statistical performance indicators (SPI): Overall score (scale 0-100)","IQ.SPI.OVRL","","","","","","","","","","","","","","","","","","","","","","","","","","","","","","","","","","","","","","","","","","","","","","","","","","","","","","","","","","","","","",
"Korea, Dem. People's Rep.","PRK","Statistical performance indicators (SPI): Overall score (scale 0-100)","IQ.SPI.OVRL","","","","","","","","","","","","","","","","","","","","","","","","","","","","","","","","","","","","","","","","","","","","","","","","","","","","","","","","","","","","","",
"Portugal","PRT","Statistical performance indicators (SPI): Overall score (scale 0-100)","IQ.SPI.OVRL","","","","","","","","","","","","","","","","","","","","","","","","","","","","","","","","","","","","","","","","","","","","","","","","","","","","","","","","","83.965","85.80375","85.5591666666667","85.5191666666667","",
"Paraguay","PRY","Statistical performance indicators (SPI): Overall score (scale 0-100)","IQ.SPI.OVRL","","","","","","","","","","","","","","","","","","","","","","","","","","","","","","","","","","","","","","","","","","","","","","","","","","","","","","","","","54.3570833333333","57.0808333333333","58.9720833333333","61.05625","",
"West Bank and Gaza","PSE","Statistical performance indicators (SPI): Overall score (scale 0-100)","IQ.SPI.OVRL","","","","","","","","","","","","","","","","","","","","","","","","","","","","","","","","","","","","","","","","","","","","","","","","","","","","","","","","","","60.8383333333333","70.20125","70.4295833333333","",
"Pacific island small states","PSS","Statistical performance indicators (SPI): Overall score (scale 0-100)","IQ.SPI.OVRL","","","","","","","","","","","","","","","","","","","","","","","","","","","","","","","","","","","","","","","","","","","","","","","","","","","","","","","","","","","","","",
"Post-demographic dividend","PST","Statistical performance indicators (SPI): Overall score (scale 0-100)","IQ.SPI.OVRL","","","","","","","","","","","","","","","","","","","","","","","","","","","","","","","","","","","","","","","","","","","","","","","","","","","","","","","","","","","","","",
"French Polynesia","PYF","Statistical performance indicators (SPI): Overall score (scale 0-100)","IQ.SPI.OVRL","","","","","","","","","","","","","","","","","","","","","","","","","","","","","","","","","","","","","","","","","","","","","","","","","","","","","","","","","","","","","",
"Qatar","QAT","Statistical performance indicators (SPI): Overall score (scale 0-100)","IQ.SPI.OVRL","","","","","","","","","","","","","","","","","","","","","","","","","","","","","","","","","","","","","","","","","","","","","","","","","","","","","","","","","49.6495833333333","52.2066666666667","52.36125","63.0116666666667","",
"Romania","ROU","Statistical performance indicators (SPI): Overall score (scale 0-100)","IQ.SPI.OVRL","","","","","","","","","","","","","","","","","","","","","","","","","","","","","","","","","","","","","","","","","","","","","","","","","","","","","","","","","","70.455","76.4991666666667","77.5079166666667","",
"Russian Federation","RUS","Statistical performance indicators (SPI): Overall score (scale 0-100)","IQ.SPI.OVRL","","","","","","","","","","","","","","","","","","","","","","","","","","","","","","","","","","","","","","","","","","","","","","","","","","","","","","","","","71.5908333333333","73.5329166666667","75.7133333333333","78.1904166666667","",
"Rwanda","RWA","Statistical performance indicators (SPI): Overall score (scale 0-100)","IQ.SPI.OVRL","","","","","","","","","","","","","","","","","","","","","","","","","","","","","","","","","","","","","","","","","","","","","","","","","","","","","","","","","60.1229166666667","67.4016666666667","66.70625","67.2920833333333","",
"South Asia","SAS","Statistical performance indicators (SPI): Overall score (scale 0-100)","IQ.SPI.OVRL","","","","","","","","","","","","","","","","","","","","","","","","","","","","","","","","","","","","","","","","","","","","","","","","","","","","","","","","","","","","","",
"Saudi Arabia","SAU","Statistical performance indicators (SPI): Overall score (scale 0-100)","IQ.SPI.OVRL","","","","","","","","","","","","","","","","","","","","","","","","","","","","","","","","","","","","","","","","","","","","","","","","","","","","","","","","","46.3654166666667","50.8933333333334","59.1216666666667","63.3854166666667","",
"Sudan","SDN","Statistical performance indicators (SPI): Overall score (scale 0-100)","IQ.SPI.OVRL","","","","","","","","","","","","","","","","","","","","","","","","","","","","","","","","","","","","","","","","","","","","","","","","","","","","","","","","","35.5370833333333","35.9854166666667","44.085","39.16125","",
"Senegal","SEN","Statistical performance indicators (SPI): Overall score (scale 0-100)","IQ.SPI.OVRL","","","","","","","","","","","","","","","","","","","","","","","","","","","","","","","","","","","","","","","","","","","","","","","","","","","","","","","","","53.0725","58.3825","61.50375","63.57375","",
"Singapore","SGP","Statistical performance indicators (SPI): Overall score (scale 0-100)","IQ.SPI.OVRL","","","","","","","","","","","","","","","","","","","","","","","","","","","","","","","","","","","","","","","","","","","","","","","","","","","","","","","","","62.8020833333333","65.2475","74.2616666666667","75.0991666666667","",
"Solomon Islands","SLB","Statistical performance indicators (SPI): Overall score (scale 0-100)","IQ.SPI.OVRL","","","","","","","","","","","","","","","","","","","","","","","","","","","","","","","","","","","","","","","","","","","","","","","","","","","","","","","","","33.3733333333333","36.93625","42.7733333333333","41.6645833333333","",
"Sierra Leone","SLE","Statistical performance indicators (SPI): Overall score (scale 0-100)","IQ.SPI.OVRL","","","","","","","","","","","","","","","","","","","","","","","","","","","","","","","","","","","","","","","","","","","","","","","","","","","","","","","","","45.0945833333333","49.4916666666667","53.2133333333333","52.7783333333333","",
"El Salvador","SLV","Statistical performance indicators (SPI): Overall score (scale 0-100)","IQ.SPI.OVRL","","","","","","","","","","","","","","","","","","","","","","","","","","","","","","","","","","","","","","","","","","","","","","","","","","","","","","","","","66.0395833333334","67.1208333333333","68.1083333333333","68.8033333333333","",
"San Marino","SMR","Statistical performance indicators (SPI): Overall score (scale 0-100)","IQ.SPI.OVRL","","","","","","","","","","","","","","","","","","","","","","","","","","","","","","","","","","","","","","","","","","","","","","","","","","","","","","","","","","","","","",
"Somalia","SOM","Statistical performance indicators (SPI): Overall score (scale 0-100)","IQ.SPI.OVRL","","","","","","","","","","","","","","","","","","","","","","","","","","","","","","","","","","","","","","","","","","","","","","","","","","","","","","","","","","11.7695833333333","19.6791666666667","19.6179166666667","",
"Serbia","SRB","Statistical performance indicators (SPI): Overall score (scale 0-100)","IQ.SPI.OVRL","","","","","","","","","","","","","","","","","","","","","","","","","","","","","","","","","","","","","","","","","","","","","","","","","","","","","","","","","69.0141666666667","73.7370833333333","75.2854166666667","75.7929166666667","",
"Sub-Saharan Africa (excluding high income)","SSA","Statistical performance indicators (SPI): Overall score (scale 0-100)","IQ.SPI.OVRL","","","","","","","","","","","","","","","","","","","","","","","","","","","","","","","","","","","","","","","","","","","","","","","","","","","","","","","","","","","","","",
"South Sudan","SSD","Statistical performance indicators (SPI): Overall score (scale 0-100)","IQ.SPI.OVRL","","","","","","","","","","","","","","","","","","","","","","","","","","","","","","","","","","","","","","","","","","","","","","","","","","","","","","","","","30.105","23.2808333333333","24.6958333333333","30.4891666666667","",
"Sub-Saharan Africa","SSF","Statistical performance indicators (SPI): Overall score (scale 0-100)","IQ.SPI.OVRL","","","","","","","","","","","","","","","","","","","","","","","","","","","","","","","","","","","","","","","","","","","","","","","","","","","","","","","","","","","","","",
"Small states","SST","Statistical performance indicators (SPI): Overall score (scale 0-100)","IQ.SPI.OVRL","","","","","","","","","","","","","","","","","","","","","","","","","","","","","","","","","","","","","","","","","","","","","","","","","","","","","","","","","","","","","",
"Sao Tome and Principe","STP","Statistical performance indicators (SPI): Overall score (scale 0-100)","IQ.SPI.OVRL","","","","","","","","","","","","","","","","","","","","","","","","","","","","","","","","","","","","","","","","","","","","","","","","","","","","","","","","","46.1816666666667","49.4116666666667","49.7116666666667","39.8708333333333","",
"Suriname","SUR","Statistical performance indicators (SPI): Overall score (scale 0-100)","IQ.SPI.OVRL","","","","","","","","","","","","","","","","","","","","","","","","","","","","","","","","","","","","","","","","","","","","","","","","","","","","","","","","","35.84625","41.79625","52.71","50.8029166666667","",
"Slovak Republic","SVK","Statistical performance indicators (SPI): Overall score (scale 0-100)","IQ.SPI.OVRL","","","","","","","","","","","","","","","","","","","","","","","","","","","","","","","","","","","","","","","","","","","","","","","","","","","","","","","","","82.2020833333333","85.67","85.71625","85.595","",
"Slovenia","SVN","Statistical performance indicators (SPI): Overall score (scale 0-100)","IQ.SPI.OVRL","","","","","","","","","","","","","","","","","","","","","","","","","","","","","","","","","","","","","","","","","","","","","","","","","","","","","","","","","86.86625","88.3079166666667","89.01","88.93125","",
"Sweden","SWE","Statistical performance indicators (SPI): Overall score (scale 0-100)","IQ.SPI.OVRL","","","","","","","","","","","","","","","","","","","","","","","","","","","","","","","","","","","","","","","","","","","","","","","","","","","","","","","","","88.0295833333333","88.67125","88.7216666666667","88.5241666666667","",
"Eswatini","SWZ","Statistical performance indicators (SPI): Overall score (scale 0-100)","IQ.SPI.OVRL","","","","","","","","","","","","","","","","","","","","","","","","","","","","","","","","","","","","","","","","","","","","","","","","","","","","","","","","","42.5379166666667","45.6904166666667","53.7154166666667","47.1870833333333","",
"Sint Maarten (Dutch part)","SXM","Statistical performance indicators (SPI): Overall score (scale 0-100)","IQ.SPI.OVRL","","","","","","","","","","","","","","","","","","","","","","","","","","","","","","","","","","","","","","","","","","","","","","","","","","","","","","","","","","","","","",
"Seychelles","SYC","Statistical performance indicators (SPI): Overall score (scale 0-100)","IQ.SPI.OVRL","","","","","","","","","","","","","","","","","","","","","","","","","","","","","","","","","","","","","","","","","","","","","","","","","","","","","","","","","","48.2683333333333","48.3004166666667","48.6341666666667","",
"Syrian Arab Republic","SYR","Statistical performance indicators (SPI): Overall score (scale 0-100)","IQ.SPI.OVRL","","","","","","","","","","","","","","","","","","","","","","","","","","","","","","","","","","","","","","","","","","","","","","","","","","","","","","","","","","21.7779166666667","25.98875","26.45375","",
"Turks and Caicos Islands","TCA","Statistical performance indicators (SPI): Overall score (scale 0-100)","IQ.SPI.OVRL","","","","","","","","","","","","","","","","","","","","","","","","","","","","","","","","","","","","","","","","","","","","","","","","","","","","","","","","","","","","","",
"Chad","TCD","Statistical performance indicators (SPI): Overall score (scale 0-100)","IQ.SPI.OVRL","","","","","","","","","","","","","","","","","","","","","","","","","","","","","","","","","","","","","","","","","","","","","","","","","","","","","","","","","28.5029166666667","31.7066666666667","31.5766666666667","38.5433333333333","",
"East Asia & Pacific (IDA & IBRD countries)","TEA","Statistical performance indicators (SPI): Overall score (scale 0-100)","IQ.SPI.OVRL","","","","","","","","","","","","","","","","","","","","","","","","","","","","","","","","","","","","","","","","","","","","","","","","","","","","","","","","","","","","","",
"Europe & Central Asia (IDA & IBRD countries)","TEC","Statistical performance indicators (SPI): Overall score (scale 0-100)","IQ.SPI.OVRL","","","","","","","","","","","","","","","","","","","","","","","","","","","","","","","","","","","","","","","","","","","","","","","","","","","","","","","","","","","","","",
"Togo","TGO","Statistical performance indicators (SPI): Overall score (scale 0-100)","IQ.SPI.OVRL","","","","","","","","","","","","","","","","","","","","","","","","","","","","","","","","","","","","","","","","","","","","","","","","","","","","","","","","","51.7083333333333","57.78","60.5991666666667","60.8804166666667","",
"Thailand","THA","Statistical performance indicators (SPI): Overall score (scale 0-100)","IQ.SPI.OVRL","","","","","","","","","","","","","","","","","","","","","","","","","","","","","","","","","","","","","","","","","","","","","","","","","","","","","","","","","77.3520833333333","75.9104166666667","76.3533333333333","76.1108333333333","",
"Tajikistan","TJK","Statistical performance indicators (SPI): Overall score (scale 0-100)","IQ.SPI.OVRL","","","","","","","","","","","","","","","","","","","","","","","","","","","","","","","","","","","","","","","","","","","","","","","","","","","","","","","","","50.2195833333333","54.9491666666667","55.5166666666667","55.7604166666667","",
"Turkmenistan","TKM","Statistical performance indicators (SPI): Overall score (scale 0-100)","IQ.SPI.OVRL","","","","","","","","","","","","","","","","","","","","","","","","","","","","","","","","","","","","","","","","","","","","","","","","","","","","","","","","","19.4933333333333","22.555","20.9870833333333","23.4708333333333","",
"Latin America & the Caribbean (IDA & IBRD countries)","TLA","Statistical performance indicators (SPI): Overall score (scale 0-100)","IQ.SPI.OVRL","","","","","","","","","","","","","","","","","","","","","","","","","","","","","","","","","","","","","","","","","","","","","","","","","","","","","","","","","","","","","",
"Timor-Leste","TLS","Statistical performance indicators (SPI): Overall score (scale 0-100)","IQ.SPI.OVRL","","","","","","","","","","","","","","","","","","","","","","","","","","","","","","","","","","","","","","","","","","","","","","","","","","","","","","","","","","44.83875","51.2783333333333","51.0420833333334","",
"Middle East & North Africa (IDA & IBRD countries)","TMN","Statistical performance indicators (SPI): Overall score (scale 0-100)","IQ.SPI.OVRL","","","","","","","","","","","","","","","","","","","","","","","","","","","","","","","","","","","","","","","","","","","","","","","","","","","","","","","","","","","","","",
"Tonga","TON","Statistical performance indicators (SPI): Overall score (scale 0-100)","IQ.SPI.OVRL","","","","","","","","","","","","","","","","","","","","","","","","","","","","","","","","","","","","","","","","","","","","","","","","","","","","","","","","","","","","","",
"South Asia (IDA & IBRD)","TSA","Statistical performance indicators (SPI): Overall score (scale 0-100)","IQ.SPI.OVRL","","","","","","","","","","","","","","","","","","","","","","","","","","","","","","","","","","","","","","","","","","","","","","","","","","","","","","","","","","","","","",
"Sub-Saharan Africa (IDA & IBRD countries)","TSS","Statistical performance indicators (SPI): Overall score (scale 0-100)","IQ.SPI.OVRL","","","","","","","","","","","","","","","","","","","","","","","","","","","","","","","","","","","","","","","","","","","","","","","","","","","","","","","","","","","","","",
"Trinidad and Tobago","TTO","Statistical performance indicators (SPI): Overall score (scale 0-100)","IQ.SPI.OVRL","","","","","","","","","","","","","","","","","","","","","","","","","","","","","","","","","","","","","","","","","","","","","","","","","","","","","","","","","36.42375","40.9975","48.5179166666667","42.05","",
"Tunisia","TUN","Statistical performance indicators (SPI): Overall score (scale 0-100)","IQ.SPI.OVRL","","","","","","","","","","","","","","","","","","","","","","","","","","","","","","","","","","","","","","","","","","","","","","","","","","","","","","","","","61.5741666666667","59.4879166666667","63.885","64.0675","",
"Turkey","TUR","Statistical performance indicators (SPI): Overall score (scale 0-100)","IQ.SPI.OVRL","","","","","","","","","","","","","","","","","","","","","","","","","","","","","","","","","","","","","","","","","","","","","","","","","","","","","","","","","80.47875","85.03625","85.8233333333333","84.6379166666667","",
"Tuvalu","TUV","Statistical performance indicators (SPI): Overall score (scale 0-100)","IQ.SPI.OVRL","","","","","","","","","","","","","","","","","","","","","","","","","","","","","","","","","","","","","","","","","","","","","","","","","","","","","","","","","","","","","",
"Tanzania","TZA","Statistical performance indicators (SPI): Overall score (scale 0-100)","IQ.SPI.OVRL","","","","","","","","","","","","","","","","","","","","","","","","","","","","","","","","","","","","","","","","","","","","","","","","","","","","","","","","","61.5758333333333","64.8170833333333","58.02125","58.07125","",
"Uganda","UGA","Statistical performance indicators (SPI): Overall score (scale 0-100)","IQ.SPI.OVRL","","","","","","","","","","","","","","","","","","","","","","","","","","","","","","","","","","","","","","","","","","","","","","","","","","","","","","","","","65.27125","69.1166666666667","68.0116666666667","67.5708333333333","",
"Ukraine","UKR","Statistical performance indicators (SPI): Overall score (scale 0-100)","IQ.SPI.OVRL","","","","","","","","","","","","","","","","","","","","","","","","","","","","","","","","","","","","","","","","","","","","","","","","","","","","","","","","","67.3445833333333","68.2529166666667","69.5679166666667","72.4841666666667","",
"Upper middle income","UMC","Statistical performance indicators (SPI): Overall score (scale 0-100)","IQ.SPI.OVRL","","","","","","","","","","","","","","","","","","","","","","","","","","","","","","","","","","","","","","","","","","","","","","","","","","","","","","","","","","","","","",
"Uruguay","URY","Statistical performance indicators (SPI): Overall score (scale 0-100)","IQ.SPI.OVRL","","","","","","","","","","","","","","","","","","","","","","","","","","","","","","","","","","","","","","","","","","","","","","","","","","","","","","","","","66.1991666666667","69.0041666666667","68.4675","66.8254166666667","",
"United States","USA","Statistical performance indicators (SPI): Overall score (scale 0-100)","IQ.SPI.OVRL","","","","","","","","","","","","","","","","","","","","","","","","","","","","","","","","","","","","","","","","","","","","","","","","","","","","","","","","","89.6366666666667","87.1091666666667","88.91625","88.92375","",
"Uzbekistan","UZB","Statistical performance indicators (SPI): Overall score (scale 0-100)","IQ.SPI.OVRL","","","","","","","","","","","","","","","","","","","","","","","","","","","","","","","","","","","","","","","","","","","","","","","","","","","","","","","","","38.73125","44.625","51.2129166666667","54.91","",
"St. Vincent and the Grenadines","VCT","Statistical performance indicators (SPI): Overall score (scale 0-100)","IQ.SPI.OVRL","","","","","","","","","","","","","","","","","","","","","","","","","","","","","","","","","","","","","","","","","","","","","","","","","","","","","","","","","35.5154166666667","37.9179166666667","44.7375","43.93125","",
"Venezuela, RB","VEN","Statistical performance indicators (SPI): Overall score (scale 0-100)","IQ.SPI.OVRL","","","","","","","","","","","","","","","","","","","","","","","","","","","","","","","","","","","","","","","","","","","","","","","","","","","","","","","","","45.19","48.1679166666667","45.0383333333333","43.865","",
"British Virgin Islands","VGB","Statistical performance indicators (SPI): Overall score (scale 0-100)","IQ.SPI.OVRL","","","","","","","","","","","","","","","","","","","","","","","","","","","","","","","","","","","","","","","","","","","","","","","","","","","","","","","","","","","","","",
"Virgin Islands (U.S.)","VIR","Statistical performance indicators (SPI): Overall score (scale 0-100)","IQ.SPI.OVRL","","","","","","","","","","","","","","","","","","","","","","","","","","","","","","","","","","","","","","","","","","","","","","","","","","","","","","","","","","","","","",
"Vietnam","VNM","Statistical performance indicators (SPI): Overall score (scale 0-100)","IQ.SPI.OVRL","","","","","","","","","","","","","","","","","","","","","","","","","","","","","","","","","","","","","","","","","","","","","","","","","","","","","","","","","60.3783333333334","64.455","66.625","65.95875","",
"Vanuatu","VUT","Statistical performance indicators (SPI): Overall score (scale 0-100)","IQ.SPI.OVRL","","","","","","","","","","","","","","","","","","","","","","","","","","","","","","","","","","","","","","","","","","","","","","","","","","","","","","","","","37.8116666666667","40.5075","39.5091666666667","40.6916666666667","",
"World","WLD","Statistical performance indicators (SPI): Overall score (scale 0-100)","IQ.SPI.OVRL","","","","","","","","","","","","","","","","","","","","","","","","","","","","","","","","","","","","","","","","","","","","","","","","","","","","","","","","","","","","","",
"Samoa","WSM","Statistical performance indicators (SPI): Overall score (scale 0-100)","IQ.SPI.OVRL","","","","","","","","","","","","","","","","","","","","","","","","","","","","","","","","","","","","","","","","","","","","","","","","","","","","","","","","","52.8358333333333","58.2454166666667","58.5670833333333","57.0470833333333","",
"Kosovo","XKX","Statistical performance indicators (SPI): Overall score (scale 0-100)","IQ.SPI.OVRL","","","","","","","","","","","","","","","","","","","","","","","","","","","","","","","","","","","","","","","","","","","","","","","","","","","","","","","","","","","","","",
"Yemen, Rep.","YEM","Statistical performance indicators (SPI): Overall score (scale 0-100)","IQ.SPI.OVRL","","","","","","","","","","","","","","","","","","","","","","","","","","","","","","","","","","","","","","","","","","","","","","","","","","","","","","","","","38.2654166666667","42.44125","38.9","36.77125","",
"South Africa","ZAF","Statistical performance indicators (SPI): Overall score (scale 0-100)","IQ.SPI.OVRL","","","","","","","","","","","","","","","","","","","","","","","","","","","","","","","","","","","","","","","","","","","","","","","","","","","","","","","","","76.1520833333333","75.9354166666667","75.41625","73.475","",
"Zambia","ZMB","Statistical performance indicators (SPI): Overall score (scale 0-100)","IQ.SPI.OVRL","","","","","","","","","","","","","","","","","","","","","","","","","","","","","","","","","","","","","","","","","","","","","","","","","","","","","","","","","54.4141666666667","58.7770833333333","59.5091666666667","59.0141666666667","",
"Zimbabwe","ZWE","Statistical performance indicators (SPI): Overall score (scale 0-100)","IQ.SPI.OVRL","","","","","","","","","","","","","","","","","","","","","","","","","","","","","","","","","","","","","","","","","","","","","","","","","","","","","","","","","42.6445833333333","50.3358333333333","59.51","61.6525","",
